,parent,node,branch.length,label,nplace,group,
1,317,1,0.317416,Homoscleromorpha_Oscarella_carmela_EU702422,7,Outgroup,
2,318,2,0.175392,AF293700_Mnemiopsis_leidyi,1,Outgroup,
3,318,3,0.195276,Z22783_Trichoplax_sp,1,Outgroup,
4,320,4,0.177004,GU072223_1_Corallochytrea_Ukn,4,Outgroup,
5,320,5,0.114746,LAB0003_Colp12,0,Outgroup,
6,321,6,0.084811,DQ995807_1_Lagenoeca_sp_antarctica,0,Outgroup,
7,322,7,0.164064,EU011929_1_Salpingoeca_napiformis,0,Outgroup,
8,323,8,0.159586,EU011927_1_ChoanoflagellateI_Stephanoeca_diplocostata,0,Outgroup,
9,324,9,0.021217,HQ869250_1_ChoanoflagellateH_Ukn,0,Outgroup,
10,324,10,0.067992,EU446337_1_ChoanoflagellateH_Ukn,0,Outgroup,
11,326,11,0.144156,AF533943_1_Dermocystida_Dermocystidium_percae,0,Outgroup,
12,327,12,0.053024,AY267345_1_Dermocystida_Sphaerothecum_destruens,0,Outgroup,
13,328,13,0.037861,LAB0004_Ichthyosporea_NK52,0,Outgroup,
14,328,14,0.018672,JN054684_1_Dermocystida_Ukn,0,Outgroup,
15,331,15,0.009334,MCGBLAST_Capsaspora_owczarzaki,0,Outgroup,
16,331,16,1.00E-06,AF349564_Capsaspora_owczarzaki,0,Outgroup,
17,332,17,0.009391,AF271997_Ministeria_vibrans,0,Outgroup,
18,332,18,1.00E-06,AF271998_Ministeria_vibrans,0,Outgroup,
19,334,19,0.041318,AF070445_1_Anurofeca_richardsi,0,Outgroup,
20,334,20,0.033073,AJ130859_1_Ichthyophonida_sp_LKM51,0,Outgroup,
21,335,21,0.001105,GU727528_1_Pseudoperkinsus_tapetis,0,Outgroup,
22,335,22,0.002957,AF192386_1_Pseudoperkinsus_tapetis,0,Outgroup,
23,339,23,0.539471,FJ816018_1_Fonticula_alba_strain_ATCC38817,5,Fonticula_alba,
24,339,24,0.138185,EF219013_Unc_18BR2,2,MAFO,
25,340,25,0.040418,AY082985_Unc_RT5iin14,0,Parvularia_clade,
26,341,26,0.028547,AY082991_Unc_RT5iin16,0,Parvularia_clade,
27,341,27,0.00767,SEQUENCED_Nuclearia_parvularia,0,Parvularia_clade,
28,343,28,0.021231,GU979538_Unc_AMDEuk14,1,Nuclearia_clade,
29,344,29,0.009924,AY364635_Nuclearia_pattersoni,0,Nuclearia_clade,
30,344,30,0.002408,AF484687_Nuclearia_simplex,0,Nuclearia_clade,
31,345,31,0.051295,JN825683_Unc_AQ1w,1,Nuclearia_clade,
32,346,32,0.024595,AB433328_Nuclearia_thermophila,1,Nuclearia_clade,
33,347,33,0.002275,AF484686_Nuclearia_moebiusi,0,Nuclearia_clade,
34,347,34,1.00E-06,AF349566_Nuclearia_simplex,1,Nuclearia_clade,
35,350,35,0.015385,NCLC1_Cluster_1004,0,NCLC1,1
36,353,36,0.003307,NCLC1_AB468654_1_Uncultured_fungus,0,NCLC1,2
37,354,37,0.001685,NCLC1_EU154992_1_Unclassified_marine_fungus,0,NCLC1,3
38,354,38,0.00178,NCLC1_AB275063_1_DSGM63_Uncultured_eukaryote,0,NCLC1,4
39,356,39,1.00E-06,NCLC1_Cluster_766,0,NCLC1,5
40,356,40,0.007492,NCLC1_AB468639_1_S08B05_Uncultured_fungus,0,NCLC1,6
41,357,41,1.00E-06,NCLC1_Cluster_445,0,NCLC1,7
42,358,42,0.003572,NCLC1_Cluster_1012,0,NCLC1,8
43,359,43,0.007014,NCLC1_Cluster_684,0,NCLC1,9
44,360,44,0.007015,NCLC1_Cluster_832,0,NCLC1,10
45,360,45,1.00E-06,NCLC1_Cluster_521,0,NCLC1,11
46,362,46,1.00E-06,NCLC1_Cluster_629,0,NCLC1,12
47,363,47,0.066498,NCLC1_EU050974_1_SS1EE0142_Uncultured_eukaryote,0,NCLC1,13
48,363,48,0.002274,NCLC1_Cluster_804,0,NCLC1,14
49,365,49,0.018542,NCLC1_Cluster_786,0,NCLC1,15
50,365,50,0.018894,NCLC1_Cluster_673,0,NCLC1,16
51,367,51,0.003559,NCLC1_Cluster_525,0,NCLC1,17
52,368,52,0.030513,NCLC1_EU050973_1_SS1E0110_Uncultured_eukaryote,0,NCLC1,18
53,368,53,1.00E-06,NCLC1_Cluster_633,0,NCLC1,19
54,370,54,0.03444,NCLC1_Cluster_778,0,NCLC1,20
55,370,55,0.04696,NCLC1_Cluster_999,0,NCLC1,21
56,371,56,0.021973,NCLC1_Cluster_414,0,NCLC1,22
57,371,57,0.003039,NCLC1_AB468614_1_S04B23_Uncultured_fungus,0,NCLC1,23
58,373,58,0.052132,Cluster_1462,10,Cryptomycota,
59,373,59,0.040855,Cluster_1474,7,Cryptomycota,
60,377,60,1.00E-06,Cryptomycota_AB252777_1_Uncultured_eukaryote,0,Cryptomycota,
61,377,61,1.00E-06,Cluster_1066,0,Cryptomycota,
62,378,62,0.040726,Cryptomycota_AB275064_1_Uncultured_eukaryote,0,Cryptomycota,
63,378,63,0.018649,Cryptomycota_AB191431_1_Uncultured_eukaryote,0,Cryptomycota,
64,379,64,0.068524,Cryptomycota_GU072454_1_Uncultured_eukaryote,0,Cryptomycota,
65,381,65,0.133552,Cryptomycota_FJ976648_1_Uncultured_opisthokont,12,Cryptomycota,
66,381,66,0.12388,Cryptomycota_GU067982_1_Uncultured_fungus,0,Cryptomycota,
67,383,67,0.031171,Cryptomycota_AB512177_1_Uncultured_Rozella,6,Cryptomycota,
68,383,68,0.023056,Cryptomycota_AY601707_1_Rozella_sp,1,Cryptomycota,
69,384,69,1.00E-06,NG017174_Rozella_allomycis,0,Cryptomycota,
70,385,70,1.00E-06,Cryptomycota_NG017174_1_Rozella_allomycis,0,Cryptomycota,
71,385,71,1.00E-06,Cryptomycota_AY635838_1_Rozella_allomycis,0,Cryptomycota,
72,387,72,0.166305,Cryptomycota_AB534337_1_Uncultured_fungus,0,Cryptomycota,
73,388,73,0.149523,Cryptomycota_EF024492_1_Eimeriidae_environmental_sample,3,Cryptomycota,
74,389,74,0.049922,Cryptomycota_HM487046_1_Uncultured_fungus,0,Cryptomycota,
75,391,75,0.035837,Cryptomycota_AF372718_1_Uncultured_fungus,1,Cryptomycota,
76,391,76,0.055132,Cryptomycota_AF372717_1_Uncultured_fungus,0,Cryptomycota,
77,392,77,0.021717,Cryptomycota_AJ130850_1_Unidentified_eukaryote,1,Cryptomycota,
78,392,78,0.056815,Cryptomycota_EU910604_1_Uncultured_alveolate,6,Cryptomycota,
79,393,79,0.253319,Cluster_996,19,Cryptomycota,
80,395,80,0.262116,Cluster_1542,13,Cryptomycota,
81,396,81,0.123049,Cryptomycota_AB469119_1_Uncultured_fungus,0,Cryptomycota,
82,397,82,0.101033,Cryptomycota_AY642700_1_Uncultured_eukaryotic,16,Cryptomycota,
83,398,83,0.125399,Cryptomycota_AJ506030_1_Uncultured_rhizosphere_zygomycete,2,Cryptomycota,
84,399,84,0.098335,FJ976649_Unc_PRS2,11,Cryptomycota,
85,400,85,0.026155,Cryptomycota_FJ687268_2_Uncultured_fungus,0,Cryptomycota,
86,400,86,0.0317,Cryptomycota_AJ130849_1_Unidentified_eukaryote,0,Cryptomycota,
87,401,87,0.202463,Cluster_1169,8,Cryptomycota,
88,403,88,1.00E-06,AM114814_Unc_WIM27,0,Cryptomycota,
89,403,89,0.002716,Cryptomycota_AM114814_1_Uncultured_fungus,0,Cryptomycota,
90,404,90,0.262221,Cryptomycota_AB252776_1_Uncultured_eukaryote,2,Cryptomycota,
91,405,91,0.171432,Cryptomycota_FM178232_1_Uncultured_fungus,12,Cryptomycota,
92,407,92,0.094852,Cryptomycota_EF023366_1_Eimeriidae_environmental_sample,9,Cryptomycota,
93,408,93,1.00E-06,Cryptomycota_DQ244011_1_Uncultured_fungus,0,Cryptomycota,
94,408,94,1.00E-06,DQ244011_1_Unc_PFA12AU2004,0,Cryptomycota,
95,409,95,0.533824,Cluster_1631,6,Cryptomycota,
96,410,96,0.094268,Cluster_1547,4,Cryptomycota,
97,410,97,0.203824,Cluster_1538,3,Cryptomycota,
98,412,98,0.076344,DQ322624_1_Olpidium_brassicae,6,Olpidium_brassicae,
99,414,99,0.011199,Neocallimastigomycota_DQ536481_1_Cyllamyces_aberensis,0,Neocallimastigomycota,
100,415,100,1.00E-06,EF014370_Neocallimastix_frontalis,0,Neocallimastigomycota,
101,415,101,0.005322,M62705_Neocallimastix_joyonii,0,Neocallimastigomycota,
102,418,102,0.049444,Chytridiomycota_AY601711_1_Polychytrium_aggregatum,2,Chytridiomycota+NCLC2+NCLC3,
103,419,103,0.018374,Chytridiomycota_HQ901766_1_Neokarlingia_chitinophila,1,Chytridiomycota+NCLC2+NCLC3,
104,419,104,0.040279,Chytridiomycota_AF164274_1_Lacustromyces_hiemalis,0,Chytridiomycota+NCLC2+NCLC3,
105,421,105,0.069773,Chytridiomycota_Cluster_656,7,Chytridiomycota+NCLC2+NCLC3,
106,422,106,1.00E-06,Chytridiomycota_Cluster_632,1,Chytridiomycota+NCLC2+NCLC3,
107,423,107,0.001326,Chytridiomycota_AY032608_1_Chytridium_polysiphoniae,3,Chytridiomycota+NCLC2+NCLC3,
108,423,108,0.003016,Chytridiomycota_EF100411_1_Uncultured_eukaryote,0,Chytridiomycota+NCLC2+NCLC3,
109,425,109,0.059064,Chytridiomycota_EF638581_1_Uncultured_Chytridiomycota,3,Chytridiomycota+NCLC2+NCLC3,
110,425,110,0.016754,Chytridiomycota_EF432822_2_Chytridiales_sp,1,Chytridiomycota+NCLC2+NCLC3,
111,426,111,0.049038,Chytridiomycota_Cluster_548,0,Chytridiomycota+NCLC2+NCLC3,
112,427,112,0.006618,Chytridiomycota_EF443137_1_Clydaea_vesicula,0,Chytridiomycota+NCLC2+NCLC3,
113,428,113,0.037321,Chytridiomycota_AF164253_2_Lobulomyces_angularis,0,Chytridiomycota+NCLC2+NCLC3,
114,429,114,0.026547,Chytridiomycota_EF443135_1_Chytriomyces_poculatus,0,Chytridiomycota+NCLC2+NCLC3,
115,429,115,0.007918,Chytridiomycota_EF443136_1_Chytridiales_sp,0,Chytridiomycota+NCLC2+NCLC3,
116,432,116,0.01459,Chytridiomycota_JN940935_1_Spizellomyces_plurigibbosus,1,Chytridiomycota+NCLC2+NCLC3,
117,433,117,0.009521,Chytridiomycota_JQ014020_1_Phlyctochytrium_arcticum,0,Chytridiomycota+NCLC2+NCLC3,
118,433,118,1.00E-06,AY546684_Spizellomyces_punctatus,0,Chytridiomycota+NCLC2+NCLC3,
119,435,119,0.011582,Chytridiomycota_JN940943_1_Spizellomyces_dolichospermus,1,Chytridiomycota+NCLC2+NCLC3,
120,435,120,0.022264,Chytridiomycota_FJ827650_1_Gaertneriomyces_tenuis,0,Chytridiomycota+NCLC2+NCLC3,
121,436,121,0.013213,Chytridiomycota_AF164245_2_Powellomyces_sp,0,Chytridiomycota+NCLC2+NCLC3,
122,437,122,0.017781,Chytridiomycota_HQ901746_1_Fimicolochytrium_jonesii,1,Chytridiomycota+NCLC2+NCLC3,
123,437,123,0.008136,Chytridiomycota_GQ499383_1_Kochiomyces_sp,0,Chytridiomycota+NCLC2+NCLC3,
124,439,124,0.056699,DQ536491_Blyttiomyces_helicus,1,Chytridiomycota+NCLC2+NCLC3,
125,439,125,0.026855,GQ995306_1_T5P2AeE01_Uncultured_eukaryote,3,Chytridiomycota+NCLC2+NCLC3,
126,440,126,0.00489,NG017175_Rhizophlyctis_rosea,1,Chytridiomycota+NCLC2+NCLC3,
127,443,127,0.045567,Chytridiomycota_GU358606_1_Phlyctochytrium_aureliae,4,Chytridiomycota+NCLC2+NCLC3,
128,443,128,0.028562,Chytridiomycota_FJ822966_1_Chytridium_olla,6,Chytridiomycota+NCLC2+NCLC3,
129,444,129,0.074465,Chytridiomycota_FJ799984_1_Zygorhizidium_planktonicum,3,Chytridiomycota+NCLC2+NCLC3,
130,445,130,0.043169,HQ219341_1_Uncultured_Chytridiomycota,4,Chytridiomycota+NCLC2+NCLC3,
131,446,131,0.043306,Chytridiomycota_KC812611_1_Delfinachytrium_mesopotamicum,6,Chytridiomycota+NCLC2+NCLC3,
132,447,132,0.008272,Chytridiomycota_AF164309_1_Obelidium_mucronatum,6,Chytridiomycota+NCLC2+NCLC3,
133,447,133,0.033152,Chytridiomycota_AF164307_1_Podochytrium_dentatum,7,Chytridiomycota+NCLC2+NCLC3,
134,449,134,0.071508,Chytridiomycota_AY635824_1_Entophlyctis_sp,1,Chytridiomycota+NCLC2+NCLC3,
135,451,135,1.00E-06,NCLC2_Cluster_625,0,Chytridiomycota+NCLC2+NCLC3,
136,452,136,0.004428,NCLC2_EU154975_1_DB38BASS_Uncultured_eukaryote,0,Chytridiomycota+NCLC2+NCLC3,
137,453,137,0.01052,NCLC2_EU087186_1_Uncultured_eukaryote,0,Chytridiomycota+NCLC2+NCLC3,
138,453,138,1.00E-06,NCLC2_Cluster_636,0,Chytridiomycota+NCLC2+NCLC3,
139,455,139,0.01433,JF730792_1_Ch8A2mG4_Uncultured_eukaryote,0,Chytridiomycota+NCLC2+NCLC3,
140,455,140,0.020389,AB695513_1_MPE218_Uncultured_eukaryote,2,Chytridiomycota+NCLC2+NCLC3,
141,456,141,1.00E-06,Cluster_978,2,Chytridiomycota+NCLC2+NCLC3,
142,456,142,0.028946,Cluster_808,2,Chytridiomycota+NCLC2+NCLC3,
143,457,143,0.048276,Chytridiomycota_DQ244005_1_Uncultured_fungus,2,Chytridiomycota+NCLC2+NCLC3,
144,459,144,0.035688,Chytridiomycota_AF164264_1_Rhizophydium_sp,0,Chytridiomycota+NCLC2+NCLC3,
145,460,145,0.048084,Chytridiomycota_AY635821_1_Rhizophydium_sp,1,Chytridiomycota+NCLC2+NCLC3,
146,461,146,0.085222,Chytridiomycota_DQ536478_1_Kappamyces_laurelensis,1,Chytridiomycota+NCLC2+NCLC3,
147,462,147,0.044786,Chytridiomycota_AY642706_1_Uncultured_eukaryotic,0,Chytridiomycota+NCLC2+NCLC3,
148,463,148,0.036464,Chytridiomycota_Cluster_461,2,Chytridiomycota+NCLC2+NCLC3,
149,464,149,0.075795,Chytridiomycota_JN940937_1_Kappamyces_sp,2,Chytridiomycota+NCLC2+NCLC3,
150,464,150,0.049871,Chytridiomycota_Cluster_621,2,Chytridiomycota+NCLC2+NCLC3,
151,466,151,0.094855,Chytridiomycota_AY349051_1_Rhizophydium_sp,1,Chytridiomycota+NCLC2+NCLC3,
152,466,152,0.030198,Chytridiomycota_AY349048_1_Rhizophlyctis_harderi,2,Chytridiomycota+NCLC2+NCLC3,
153,468,153,0.054507,FN690503_1_5E11_Uncultured_eukaryote,0,Chytridiomycota+NCLC2+NCLC3,
154,469,154,0.055235,GU568165_1_8489_Uncultured_eukaryote,1,Chytridiomycota+NCLC2+NCLC3,
155,470,155,0.014013,Cluster_655,0,Chytridiomycota+NCLC2+NCLC3,
156,471,156,0.007247,Chytridiomycota_Cluster_528,2,Chytridiomycota+NCLC2+NCLC3,
157,471,157,0.034993,Chytridiomycota_DQ536492_1_Rhizophydium_sp,0,Chytridiomycota+NCLC2+NCLC3,
158,473,158,1.00E-06,NCLC3_HQ866155_1_SGSP472_Uncultured_eukaryote,0,Chytridiomycota+NCLC2+NCLC3,
159,473,159,0.012632,NCLC3_DQ103819_1_M4_18F09_Uncultured_marine_eukaryote,0,Chytridiomycota+NCLC2+NCLC3,
160,474,160,0.010349,NCLC3_HQ219378_1_Uncultured_Chytridiomycota,0,Chytridiomycota+NCLC2+NCLC3,
161,475,161,0.041363,NCLC3_AY642742_1_A44_Uncultured_eukaryotic,0,Chytridiomycota+NCLC2+NCLC3,
162,475,162,0.025839,NCLC3_Cluster_783,0,Chytridiomycota+NCLC2+NCLC3,
163,476,163,0.090754,Entomophthoromycota_JX242609_1_Basidiobolus_meristosporus,2,Entomophthoromycota,
164,480,164,0.097027,Blastocladiomycota_AY552524_1_Allomyces_arbuscula,8,Blastocladiomycota,
165,480,165,0.110992,Blastocladiomycota_EF014366_1_Blastocladiella_emersonii,15,Blastocladiomycota,
166,481,166,0.285197,AH009052_Batrachochytrium_dendrobatidis,17,Batrachochytrium_dendrobatidis,
167,483,167,0.320124,Zygomycota_AB287991_1__KYK00187_Ramicandelaber_sp,8,Zygomycota,
168,484,168,0.14977,Zygomycota_AF007542_1_Spiromyces_minutus,0,Zygomycota,
169,485,169,0.062654,Zygomycota_EF396191_1_Capniomyces_stellatus,1,Zygomycota,
170,485,170,0.162848,Zygomycota_AF277013_1_Furculomyces_boomerangus,0,Zygomycota,
171,487,171,0.058902,Zygomycota_AB016010_1_Kuzuhaea_moniliformis,0,Zygomycota,
172,487,172,0.070201,Zygomycota_AB016023_1_Piptocephalis_corymbifera,0,Zygomycota,
173,488,173,0.215112,Zygomycota_AB016011_1_Syncephalis_depressa,2,Zygomycota,
174,489,174,0.274919,Zygomycota_AB016009_2_Zoophagus_insidians,9,Zygomycota,
175,489,175,0.159597,Zygomycota_DQ520640_1_Cochlonema_euryblastum,2,Zygomycota,
176,491,176,0.10817,Monoblepharidomycota_Y17504_1_Hyaloraphidium_curvatum,10,Monoblepharidomycota,
177,491,177,0.119949,Monoblepharidomycota_AY635839_1_Oedogoniomyces_sp,12,Monoblepharidomycota,
178,493,178,0.021926,Chytridiomycota_EF565163_1_Blastocladiales_sp,2,Blastocladiomycota,
179,494,179,0.014365,Blastocladiomycota_HQ888717_1_Urophlyctis_trifolii,1,Blastocladiomycota,
180,494,180,0.057756,Blastocladiomycota_DQ536489_1_Physoderma_maculare,1,Blastocladiomycota,
181,496,181,0.156581,Aphelidae_AB191432_1_Uncultured_eukaryote,2,Aphelidae,
182,497,182,0.021009,Cluster_314,6,Aphelidae,
183,497,183,0.036497,Cluster_211,5,Aphelidae,
184,499,184,0.24438,Aphelidae_DQ244010_1_Uncultured_fungus,2,Aphelidae,
185,500,185,0.140625,Aphelidae_EF628800_1_Uncultured_fungus,3,Aphelidae,
186,501,186,0.119941,Aphelidae_FJ976650_1_Uncultured_opisthokont,11,Aphelidae,
187,503,187,0.063856,Aphelidae_GU067817_1_Uncultured_fungus,3,Aphelidae,
188,503,188,0.082722,Aphelidae_AY230211_1_Uncultured_fungus,0,Aphelidae,
189,504,189,0.092819,Aphelidae_FJ157335_1_Uncultured_eukaryote,1,Aphelidae,
190,504,190,0.243359,Cluster_1158,4,Aphelidae,
191,506,191,0.061644,Aphelidae_KJ566931_Aphelidium_aff_melosirae,1,Aphelidae,
192,506,192,0.116037,Aphelidae_EF100212_1_Uncultured_eukaryote,1,Aphelidae,
193,508,193,0.088317,Aphelidae_GU067917_1_Uncultured_fungus,5,Aphelidae,
194,509,194,0.023299,Aphelidae_GU067958_1_Uncultured_fungus,2,Aphelidae,
195,509,195,0.09389,Aphelidae_HQ191302_1_Uncultured_eukaryote,10,Aphelidae,
196,510,196,0.111618,Aphelidae_JX967274_Amoeboaphelidium_protococcarum,5,Aphelidae,
197,512,197,0.122146,Aphelidae_JX507298_Amoeboaphelidium_protococcarum,0,Aphelidae,
198,513,198,0.140654,Aphelidae_GQ995416_1_Uncultured_Chytridiomycota,0,Aphelidae,
199,513,199,0.151591,Aphelidae_FJ592325_1_Uncultured_eukaryote,0,Aphelidae,
200,515,200,0.082919,Aphelidae_GQ995418_1_Uncultured_Chytridiomycota,4,Aphelidae,
201,515,201,0.084769,Aphelidae_FJ157332_1_Uncultured_eukaryote,1,Aphelidae,
202,516,202,0.050129,Aphelidae_HM487005_1_Uncultured_fungus,0,Aphelidae,
203,518,203,0.09518,Aphelidae_AB252775_1_Uncultured_eukaryote,0,Aphelidae,
204,518,204,0.04201,Aphelidae_GQ995419_1_Uncultured_eukaryote,2,Aphelidae,
205,519,205,0.113317,Aphelidae_AY180024_1_Uncultured_fungus,5,Aphelidae,
206,519,206,0.080328,Aphelidae_AM114806_1_Uncultured_fungus,3,Aphelidae,
207,522,207,0.076758,Zygomycota_EU688964_1_Mortierellaceae_sp,0,Zygomycota,
208,523,208,0.018058,Zygomycota_DQ536471_1_Endogone_lactiflua,0,Zygomycota,
209,523,209,0.037984,Zygomycota_DQ322628_1_Endogone_pisiformis,0,Zygomycota,
210,524,210,0.065863,NG017188_Mortierella_verticillata,2,Mortierella_verticillata,
211,525,211,0.013671,JQ040248_1_Gamsiella_multidivaricata,3,Gamsiella_multidivaricata,
212,525,212,0.008062,HQ667504_1_Mortierella_cystojenkinii,5,Mortierella_cystojenkinii,
213,527,213,0.116662,Glomeromycota_DQ322629_1_Paraglomus_occultum,6,Glomeromycota,
214,528,214,0.111506,Glomeromycota_AM183923_1_Geosiphon_pyriformis,0,Glomeromycota,
215,530,215,0.02779,Glomeromycota_AY635833_1_Glomus_mosseae,0,Glomeromycota,
216,530,216,0.068895,Glomeromycota_DQ322630_Glomus_intraradices,1,Glomeromycota,
217,531,217,0.013069,Glomeromycota_AY635832_1_Scutellospora_heterogama,0,Glomeromycota,
218,531,218,0.012771,Glomeromycota_EF014362_1_Gigaspora_gigantea,0,Glomeromycota,
219,534,219,0.07372,Dikarya_AF006307_1_Orbilia_fimicola,0,Dikarya,
220,535,220,0.114446,Dikarya_FJ358293_1_Capronia_parasitica,22,Dikarya,
221,537,221,0.006752,Dikarya_Cluster_928,12,Dikarya,
222,537,222,1.00E-06,Dikarya_JX096939_1_Cladosporium_sp,13,Dikarya,
223,538,223,0.03781,Dikarya_AY315416_1_Xylaria_sp,1,Dikarya,
224,539,224,0.062676,Dikarya_FJ610444_Neurospora_crassa,1,Dikarya,
225,540,225,0.058989,Dikarya_AB024046_1_Basipetospora_chlamydospora,0,Dikarya,
226,542,226,0.079995,Dikarya_AY858939_1_Torpedospora_radiata,2,Dikarya,
227,542,227,0.00963,Dikarya_HM135160_1_Cordyceps_gunnii,0,Dikarya,
228,543,228,1.00E-06,Dikarya_KC242708_1_Isaria_farinosa,2,Dikarya,
229,543,229,0.003366,Dikarya_Cluster_792,3,Dikarya,
230,545,230,0.062658,Dikarya_AB000641_1_Geotrichum_klebahnii,0,Dikarya,
231,546,231,1.00E-06,Dikarya_JX291981_1_Galactomyces_geotrichum,5,Dikarya,
232,546,232,1.00E-06,Dikarya_Cluster_1488,2,Dikarya,
233,548,233,0.099144,Dikarya_AB018174_1_Candida_silvanorum,1,Dikarya,
234,549,234,0.121672,Dikarya_KC556820_1_Kodamaea_ohmeri,1,Dikarya,
235,550,235,0.01152,Dikarya_KF658217_1_Metschnikowia_bicuspidata,0,Dikarya,
236,551,236,1.00E-06,Dikarya_Cluster_1651,0,Dikarya,
237,551,237,1.00E-06,Dikarya_EU154983_1_Unclassified_marine_fungus,0,Dikarya,
238,553,238,0.074605,Dikarya_EF550448_1_Cyberlindnera_maclurae,0,Dikarya,
239,555,239,0.024817,Dikarya_Cluster_1562,0,Dikarya,
240,556,240,0.00562,Dikarya_EF550390_1_Pichia_heedii,0,Dikarya,
241,556,241,0.003357,Dikarya_Cluster_1514,0,Dikarya,
242,557,242,0.022658,Dikarya_AB053242_2_Candida_ethanolica,0,Dikarya,
243,558,243,1.00E-06,Dikarya_X96452_1_Pichia_membranaefaciens,0,Dikarya,
244,558,244,1.00E-06,Dikarya_Cluster_1550,0,Dikarya,
245,561,245,0.00274,Dikarya_AB054289_1_Pichia_inositovora,0,Dikarya,
246,561,246,1.00E-06,Dikarya_Cluster_830,0,Dikarya,
247,562,247,0.043707,Dikarya_DQ534399_1_Pichia_guilliermondii,0,Dikarya,
248,563,248,1.00E-06,Dikarya_X58053_1_Debaryomyces_hansenii,0,Dikarya,
249,563,249,1.00E-06,Dikarya_Cluster_986,0,Dikarya,
250,564,250,0.048036,Dikarya_AY242223_1_Candida_sp,0,Dikarya,
251,566,251,1.00E-06,Dikarya_Cluster_987,0,Dikarya,
252,566,252,1.00E-06,Dikarya_AF548094_1_Saccharomyces_cerevisiae,0,Dikarya,
253,567,253,0.007696,Dikarya_JQ698893_1_Hanseniaspora_valbyensis,0,Dikarya,
254,568,254,1.00E-06,Dikarya_Cluster_1294,0,Dikarya,
255,568,255,1.00E-06,Dikarya_JX455158_1_Hanseniaspora_guilliermondii,0,Dikarya,
256,570,256,0.051938,Dikarya_AJ496257_1_Rhodotorula_bacarum,3,Dikarya,
257,571,257,0.026594,Dikarya_KC672733_1_Uncultured_fungus,1,Dikarya,
258,572,258,1.00E-06,Dikarya_Cluster_1449_Malassezia_restricta_like,0,Dikarya,
259,572,259,0.022022,Marine_Malassezia_like_group_EU446359_1_UI14D01_Uncultured_marine_eukaryote,0,Dikarya,
260,574,260,0.054575,Dikarya_HQ539866_1_Limacella_glischra,0,Dikarya,
261,575,261,0.003447,Dikarya_Cluster_741,0,Dikarya,
262,575,262,1.00E-06,Dikarya_AF026574_1_Fomes_fomentarius,0,Dikarya,
263,577,263,0.14585,Dikarya_AB032644_1_Cryptococcus_marinus,1,Dikarya,
264,579,264,1.00E-06,Dikarya_AY426889_1_Uncultured_marine_eukaryote,2,Dikarya,
265,579,265,1.00E-06,Dikarya_Cluster_796,2,Dikarya,
266,582,266,0.003441,Dikarya_Cluster_828,0,Dikarya,
267,582,267,1.00E-06,Dikarya_AB032624_1_Cryptococcus_cellulolyticus,0,Dikarya,
268,583,268,0.005379,Dikarya_JN043527_1_Sirobasidium_brefeldianum,0,Dikarya,
269,583,269,0.009781,Dikarya_Cluster_809,0,Dikarya,
270,585,270,0.029764,Dikarya_AF053716_1_Trimorphomyces_papilionaceus,1,Dikarya,
271,585,271,0.050954,Dikarya_M55625_Cryptococcus_neoformans,0,Dikarya,
272,586,272,0.0958,Dikarya_AF547660_1_Bullera_arundinariae,0,Dikarya,
273,587,273,0.021423,Dikarya_AB032627_1_Cryptococcus_dimennae,1,Dikarya,
274,588,274,0.010184,Dikarya_AB085801_1_Cryptococcus_psychrotolerans,0,Dikarya,
275,590,275,1.00E-06,Dikarya_Cluster_902,0,Dikarya,
276,590,276,0.003326,Dikarya_JF308239_1_Uncultured_marine_eukaryote,0,Dikarya,
277,591,277,1.00E-06,Dikarya_AB000953_1_Taphrina_maculans,0,Dikarya,
278,591,278,1.00E-06,Dikarya_Cluster_800,0,Dikarya,
279,593,279,0.053347,Dikarya_AY123304_1_Pucciniastrum_epilobii,0,Dikarya,
280,594,280,0.017242,Dikarya_DQ354528_1_Uromyces_ari_triphylli,0,Dikarya,
281,595,281,1.00E-06,Dikarya_DQ831029_2_Puccinia_poarum,0,Dikarya,
282,595,282,0.003466,Dikarya_Cluster_622,0,Dikarya,
283,598,283,0.012949,Dikarya_AB021669_1_Erythrobasidium_elongatum,0,Dikarya,
284,599,284,1.00E-06,Dikarya_DQ663697_1_Erythrobasidium_hasegawianum,0,Dikarya,
285,599,285,0.006743,Dikarya_Cluster_540,0,Dikarya,
286,601,286,0.006907,Dikarya_Cluster_550,0,Dikarya,
287,602,287,1.00E-06,Dikarya_Cluster_488,0,Dikarya,
288,602,288,1.00E-06,Dikarya_AB126645_1_Symmetrospora_marina,0,Dikarya,
289,603,289,0.014306,Dikarya_AB263122_1_Sakaguchia_lamellibrachiae,0,Dikarya,
290,605,290,1.00E-06,Dikarya_DQ832206_1_Sakaguchia_dacryoidea,0,Dikarya,
291,605,291,1.00E-06,Dikarya_Cluster_463,0,Dikarya,
292,606,292,1.00E-06,Dikarya_Cluster_467,0,Dikarya,
293,607,293,0.006696,Dikarya_Cluster_466,0,Dikarya,
294,607,294,1.00E-06,Dikarya_JN546138_1_Cystobasidium_minutum,0,Dikarya,
295,609,295,0.138006,Dikarya_DQ198791_1_Mycogloea_sp,0,Dikarya,
296,610,296,0.058624,Dikarya_U41848_1_Mycogloea_macrospora,0,Dikarya,
297,611,297,0.024362,Dikarya_D38238_1_Bensingtonia_subrosea,0,Dikarya,
298,612,298,0.010289,Dikarya_Cluster_220,0,Dikarya,
299,612,299,0.005431,Dikarya_DQ667164_1_Kondoa_malvinella,1,Dikarya,
300,613,300,0.043091,Dikarya_DQ234564_1_Colacogloea_peniophorae,1,Dikarya,
301,615,301,0.009425,Dikarya_Cluster_490,1,Dikarya,
302,615,302,0.023828,Dikarya_DQ832220_1_Sphacelotheca_cf_koordersiana,0,Dikarya,
303,617,303,0.015338,Dikarya_AB032658_1_Rhodotorula_yarrowii,0,Dikarya,
304,617,304,0.028694,Dikarya_AB021673_1_Sporobolomyces_inositophilus,1,Dikarya,
305,619,305,1.00E-06,Dikarya_JN938636_1_Sporobolomyces_cf_roseus,0,Dikarya,
306,619,306,1.00E-06,Dikarya_Cluster_635,0,Dikarya,
307,621,307,0.003304,Dikarya_Cluster_534,0,Dikarya,
308,621,308,1.00E-06,Dikarya_GQ433375_1_Rhodotorula_mucilaginosa,0,Dikarya,
309,623,309,1.00E-06,Dikarya_X69853_1_Rhodotorula_glutinis,0,Dikarya,
310,623,310,1.00E-06,Dikarya_Cluster_542,0,Dikarya,
311,624,311,1.00E-06,Dikarya_AB073271_1_Rhodotorula_diobovata,0,Dikarya,
312,625,312,0.007906,Dikarya_EU154979_1_Unclassified_marine_fungus,0,Dikarya,
313,625,313,1.00E-06,Dikarya_Cluster_536,0,Dikarya,
314,314,314,NA,NA,0,NA,
315,314,315,0.023944,NA,0,NA,
316,315,316,0.005044,NA,0,NA,
317,316,317,0.055132,NA,0,NA,
318,317,318,0.02996,NA,0,NA,
319,316,319,0.019978,NA,1,NA,
320,319,320,0.028308,NA,0,NA,
321,319,321,0.019985,NA,1,NA,
322,321,322,0.023791,NA,0,NA,
323,322,323,0.045715,NA,0,NA,
324,323,324,0.024622,NA,0,NA,
325,315,325,0.016888,NA,0,NA,
326,325,326,0.04944,NA,0,NA,
327,326,327,0.024743,NA,0,NA,
328,327,328,0.014758,NA,0,NA,
329,325,329,0.008997,NA,1,NA,
330,329,330,0.005758,NA,0,NA,
331,330,331,0.170623,NA,0,NA,
332,330,332,0.396163,NA,1,NA,
333,329,333,0.102471,NA,0,NA,
334,333,334,0.04161,NA,0,NA,
335,333,335,0.101394,NA,0,NA,
336,314,336,0.023944,NA,1,NA,
337,336,337,0.013819,NA,0,NA,
338,337,338,0.004272,NA,1,NA,
339,338,339,0.031675,NA,3,NA,
340,338,340,0.170085,NA,2,NA,
341,340,341,0.041185,NA,1,NA,
342,337,342,0.044438,NA,0,NA,
343,342,343,0.061532,NA,0,NA,
344,343,344,0.01874,NA,0,NA,
345,342,345,0.030912,NA,1,NA,
346,345,346,0.003986,NA,0,NA,
347,346,347,0.032349,NA,0,NA,
348,336,348,0.04177,NA,0,NA,
349,348,349,0.026456,NA,0,NA,
350,349,350,0.141548,NA,1,NA,
351,350,351,0.034091,NA,0,NA,
352,351,352,0.035671,NA,0,NA,
353,352,353,0.00359,NA,0,NA,
354,353,354,1.00E-06,NA,0,NA,
355,352,355,1.00E-06,NA,0,NA,
356,355,356,0.002483,NA,0,NA,
357,355,357,1.00E-06,NA,0,NA,
358,357,358,1.00E-06,NA,0,NA,
359,358,359,0.003492,NA,0,NA,
360,359,360,1.00E-06,NA,0,NA,
361,351,361,0.012398,NA,0,NA,
362,361,362,0.002295,NA,0,NA,
363,362,363,0.007684,NA,0,NA,
364,361,364,1.00E-06,NA,0,NA,
365,364,365,0.006562,NA,0,NA,
366,364,366,0.005611,NA,0,NA,
367,366,367,0.003273,NA,0,NA,
368,367,368,0.00332,NA,0,NA,
369,366,369,0.005337,NA,0,NA,
370,369,370,0.020812,NA,0,NA,
371,369,371,0.026897,NA,0,NA,
372,349,372,0.017108,NA,0,NA,
373,372,373,0.173493,NA,1,NA,
374,372,374,0.00854,NA,0,NA,
375,374,375,0.005912,NA,0,NA,
376,375,376,0.107639,NA,2,NA,
377,376,377,0.016597,NA,0,NA,
378,376,378,0.013395,NA,0,NA,
379,375,379,0.023148,NA,0,NA,
380,379,380,1.00E-06,NA,0,NA,
381,380,381,0.040404,NA,3,NA,
382,380,382,0.036562,NA,5,NA,
383,382,383,0.108829,NA,11,NA,
384,382,384,0.142086,NA,8,NA,
385,384,385,1.00E-06,NA,0,NA,
386,374,386,0.035404,NA,0,NA,
387,386,387,0.12263,NA,4,NA,
388,387,388,0.044219,NA,4,NA,
389,388,389,0.0686,NA,4,NA,
390,389,390,0.016716,NA,1,NA,
391,390,391,0.072113,NA,0,NA,
392,390,392,0.01845,NA,1,NA,
393,386,393,0.007134,NA,0,NA,
394,393,394,0.013769,NA,0,NA,
395,394,395,0.063183,NA,0,NA,
396,395,396,1.00E-06,NA,0,NA,
397,396,397,0.020951,NA,3,NA,
398,397,398,0.01969,NA,1,NA,
399,398,399,0.024536,NA,1,NA,
400,399,400,0.069459,NA,5,NA,
401,394,401,0.00216,NA,1,NA,
402,401,402,0.022618,NA,2,NA,
403,402,403,0.202422,NA,2,NA,
404,402,404,0.031793,NA,0,NA,
405,404,405,0.021914,NA,1,NA,
406,405,406,0.014991,NA,0,NA,
407,406,407,0.062433,NA,1,NA,
408,407,408,0.044576,NA,2,NA,
409,406,409,0.082943,NA,3,NA,
410,409,410,0.084402,NA,4,NA,
411,348,411,0.012667,NA,0,NA,
412,411,412,0.011746,NA,2,NA,
413,412,413,0.017097,NA,6,NA,
414,413,414,0.118454,NA,5,NA,
415,414,415,0.004509,NA,1,NA,
416,413,416,0.041242,NA,8,NA,
417,416,417,0.01633,NA,0,NA,
418,417,418,0.0725,NA,1,NA,
419,418,419,0.011796,NA,0,NA,
420,417,420,0.058904,NA,4,NA,
421,420,421,0.013356,NA,3,NA,
422,421,422,0.049325,NA,4,NA,
423,422,423,0.011496,NA,2,NA,
424,420,424,0.02489,NA,4,NA,
425,424,425,0.009919,NA,8,NA,
426,424,426,0.02389,NA,2,NA,
427,426,427,0.019475,NA,0,NA,
428,427,428,0.002685,NA,0,NA,
429,428,429,0.005398,NA,0,NA,
430,416,430,0.001339,NA,2,NA,
431,430,431,0.029869,NA,2,NA,
432,431,432,0.005069,NA,0,NA,
433,432,433,0.005576,NA,1,NA,
434,431,434,0.004285,NA,0,NA,
435,434,435,0.01508,NA,0,NA,
436,434,436,0.0033,NA,0,NA,
437,436,437,0.006619,NA,0,NA,
438,430,438,0.002882,NA,0,NA,
439,438,439,0.00869,NA,0,NA,
440,438,440,0.003024,NA,0,NA,
441,440,441,0.0196,NA,4,NA,
442,441,442,0.041406,NA,3,NA,
443,442,443,0.062517,NA,3,NA,
444,442,444,0.027268,NA,2,NA,
445,444,445,0.007484,NA,2,NA,
446,445,446,0.003587,NA,6,NA,
447,446,447,0.155605,NA,9,NA,
448,441,448,0.015218,NA,1,NA,
449,448,449,0.010351,NA,3,NA,
450,449,450,0.076873,NA,0,NA,
451,450,451,0.036161,NA,0,NA,
452,451,452,0.007261,NA,0,NA,
453,452,453,0.013238,NA,0,NA,
454,450,454,0.005742,NA,0,NA,
455,454,455,0.010472,NA,0,NA,
456,454,456,0.01682,NA,2,NA,
457,448,457,0.05182,NA,2,NA,
458,457,458,0.022385,NA,1,NA,
459,458,459,0.022467,NA,0,NA,
460,459,460,0.000147,NA,0,NA,
461,460,461,0.056511,NA,1,NA,
462,461,462,0.053289,NA,0,NA,
463,462,463,0.019395,NA,1,NA,
464,463,464,0.012685,NA,2,NA,
465,458,465,0.006107,NA,1,NA,
466,465,466,0.02066,NA,2,NA,
467,465,467,0.005027,NA,1,NA,
468,467,468,0.011163,NA,0,NA,
469,468,469,0.010891,NA,1,NA,
470,469,470,0.004604,NA,0,NA,
471,470,471,0.013835,NA,0,NA,
472,467,472,0.055185,NA,2,NA,
473,472,473,0.029651,NA,0,NA,
474,472,474,0.01899,NA,0,NA,
475,474,475,1.00E-06,NA,0,NA,
476,411,476,0.008496,NA,1,NA,
477,476,477,0.015609,NA,0,NA,
478,477,478,0.004355,NA,1,NA,
479,478,479,0.015726,NA,0,NA,
480,479,480,0.21353,NA,25,NA,
481,479,481,0.021756,NA,1,NA,
482,481,482,0.019358,NA,1,NA,
483,482,483,0.022532,NA,2,NA,
484,483,484,0.050061,NA,2,NA,
485,484,485,0.163682,NA,4,NA,
486,482,486,0.03296,NA,1,NA,
487,486,487,0.105606,NA,0,NA,
488,486,488,0.023535,NA,2,NA,
489,488,489,0.019553,NA,1,NA,
490,478,490,0.008916,NA,1,NA,
491,490,491,0.027822,NA,0,NA,
492,490,492,1.00E-06,NA,3,NA,
493,492,493,0.071737,NA,6,NA,
494,493,494,0.031669,NA,1,NA,
495,492,495,0.040735,NA,1,NA,
496,495,496,0.032516,NA,5,NA,
497,496,497,0.412662,NA,5,NA,
498,495,498,0.023804,NA,5,NA,
499,498,499,0.013485,NA,1,NA,
500,499,500,0.051751,NA,2,NA,
501,500,501,0.053739,NA,4,NA,
502,501,502,0.018433,NA,0,NA,
503,502,503,0.004711,NA,2,NA,
504,502,504,0.01337,NA,1,NA,
505,498,505,0.007887,NA,0,NA,
506,505,506,0.039532,NA,1,NA,
507,505,507,0.016951,NA,1,NA,
508,507,508,0.076707,NA,3,NA,
509,508,509,0.029013,NA,6,NA,
510,507,510,0.022167,NA,1,NA,
511,510,511,0.008072,NA,2,NA,
512,511,512,0.234479,NA,2,NA,
513,512,513,0.070096,NA,0,NA,
514,511,514,0.027366,NA,1,NA,
515,514,515,0.010588,NA,0,NA,
516,514,516,0.015825,NA,0,NA,
517,516,517,0.007146,NA,0,NA,
518,517,518,0.024733,NA,2,NA,
519,517,519,0.008635,NA,1,NA,
520,477,520,0.015469,NA,0,NA,
521,520,521,0.010742,NA,0,NA,
522,521,522,0.015897,NA,1,NA,
523,522,523,0.032659,NA,0,NA,
524,521,524,0.05289,NA,2,NA,
525,524,525,0.035691,NA,3,NA,
526,520,526,0.033095,NA,2,NA,
527,526,527,0.031905,NA,3,NA,
528,527,528,0.018457,NA,1,NA,
529,528,529,0.061729,NA,0,NA,
530,529,530,0.096689,NA,0,NA,
531,529,531,0.08072,NA,0,NA,
532,526,532,0.029329,NA,2,NA,
533,532,533,0.072492,NA,7,NA,
534,533,534,0.016051,NA,0,NA,
535,534,535,0.012891,NA,3,NA,
536,535,536,0.025309,NA,13,NA,
537,536,537,0.017638,NA,13,NA,
538,536,538,0.036184,NA,3,NA,
539,538,539,0.016783,NA,0,NA,
540,539,540,0.022566,NA,2,NA,
541,540,541,0.011087,NA,1,NA,
542,541,542,0.008341,NA,0,NA,
543,541,543,0.005754,NA,2,NA,
544,533,544,0.042412,NA,2,NA,
545,544,545,0.079109,NA,2,NA,
546,545,546,0.255131,NA,2,NA,
547,544,547,0.033741,NA,0,NA,
548,547,548,0.044831,NA,0,NA,
549,548,549,0.033009,NA,0,NA,
550,549,550,0.254455,NA,0,NA,
551,550,551,0.004453,NA,0,NA,
552,547,552,0.007885,NA,1,NA,
553,552,553,0.018365,NA,0,NA,
554,553,554,0.140854,NA,0,NA,
555,554,555,0.012784,NA,0,NA,
556,555,556,0.010019,NA,0,NA,
557,554,557,0.01014,NA,0,NA,
558,557,558,0.007212,NA,0,NA,
559,552,559,0.015501,NA,1,NA,
560,559,560,0.021003,NA,0,NA,
561,560,561,0.055751,NA,0,NA,
562,560,562,0.006105,NA,1,NA,
563,562,563,0.007598,NA,0,NA,
564,559,564,0.023195,NA,0,NA,
565,564,565,0.022541,NA,0,NA,
566,565,566,0.036582,NA,1,NA,
567,565,567,0.089797,NA,0,NA,
568,567,568,0.024641,NA,1,NA,
569,532,569,0.048045,NA,0,NA,
570,569,570,0.066171,NA,4,NA,
571,570,571,0.121204,NA,0,NA,
572,571,572,0.034431,NA,0,NA,
573,569,573,0.022143,NA,1,NA,
574,573,574,0.043322,NA,1,NA,
575,574,575,0.025733,NA,4,NA,
576,573,576,0.020486,NA,0,NA,
577,576,577,0.056773,NA,2,NA,
578,577,578,0.006378,NA,0,NA,
579,578,579,0.002476,NA,1,NA,
580,578,580,0.004515,NA,0,NA,
581,580,581,0.011451,NA,0,NA,
582,581,582,0.011129,NA,1,NA,
583,581,583,0.016829,NA,0,NA,
584,580,584,0.007783,NA,0,NA,
585,584,585,0.008455,NA,0,NA,
586,584,586,0.010772,NA,0,NA,
587,586,587,0.004044,NA,0,NA,
588,587,588,0.023018,NA,0,NA,
589,588,589,0.014897,NA,1,NA,
590,589,590,0.027471,NA,0,NA,
591,589,591,1.00E-06,NA,0,NA,
592,576,592,0.091494,NA,6,NA,
593,592,593,0.167206,NA,1,NA,
594,593,594,0.027176,NA,0,NA,
595,594,595,0.008976,NA,0,NA,
596,592,596,0.010161,NA,0,NA,
597,596,597,0.057083,NA,0,NA,
598,597,598,0.008828,NA,1,NA,
599,598,599,0.005119,NA,0,NA,
600,597,600,0.00382,NA,1,NA,
601,600,601,0.004612,NA,0,NA,
602,601,602,0.008082,NA,0,NA,
603,600,603,0.004684,NA,0,NA,
604,603,604,0.004887,NA,0,NA,
605,604,605,0.005391,NA,0,NA,
606,604,606,0.022854,NA,0,NA,
607,606,607,0.019125,NA,0,NA,
608,596,608,0.03451,NA,0,NA,
609,608,609,0.05207,NA,0,NA,
610,609,610,0.137391,NA,2,NA,
611,610,611,0.04522,NA,0,NA,
612,611,612,0.007794,NA,0,NA,
613,608,613,0.106554,NA,0,NA,
614,613,614,0.009937,NA,0,NA,
615,614,615,0.015078,NA,0,NA,
616,614,616,0.017411,NA,0,NA,
617,616,617,0.003755,NA,0,NA,
618,616,618,0.00985,NA,0,NA,
619,618,619,0.02467,NA,1,NA,
620,618,620,0.027171,NA,0,NA,
621,620,621,0.03284,NA,1,NA,
622,620,622,0.004537,NA,0,NA,
623,622,623,0.010082,NA,0,NA,
624,622,624,0.002562,NA,0,NA,
625,624,625,0.000273,NA,0,NA,
